Country Code;Country Name;1900;1901;1902;1903;1904;1905;1906;1907;1908;1909;1910;1911;1912;1913;1914;1915;1916;1917;1918;1919;1920;1921;1922;1923;1924;1925;1926;1927;1928;1929;1930;1931;1932;1933;1934;1935;1936;1937;1938;1939;1940;1941;1942;1943;1944;1945;1946;1947;1948;1949;1950;1951;1952;1953;1954;1955;1956;1957;1958;1959;1960;1961;1962;1963;1964;1965;1966;1967;1968;1969;1970;1971;1972;1973;1974;1975;1976;1977;1978;1979;1980;1981;1982;1983;1984;1985;1986;1987;1988;1989;1990;1991;1992;1993;1994;1995;1996;1997;1998;1999;2000;2001;2002;2003;2004;2005;2006;2007;2008;2009;2010;2011;2012;2013;2014
AFG;AFGHANISTAN;;;;;;;;;;;;;;;;;;;;;;;;;;;;;;;;;;;;;;;;;;;;;;;;;;;;;;;2000;;151;;;;;;;107;;;;;;0;;100;150;;;;101;;120;;0;;500;12;1;;;70;0;;144;1427;614;225;160;381;70;175;7308;205;594;485;4083;137;18;582;382;296;1334;101;350;83;378;155;721
ALB;ALBANIA;;;;;;;;;;;;;;;;;;;;;;;;;;;;;;;;;;;;;;;;;;;;;;;;;;;;;;;;;;;;;;;;;;;;11;;;;;;;;;;;;35;;;1;;;125;;;0;0;;;11;;;4;7;0;0;;;;7;;3;5;;0;;0;0;;5;;
DZA;ALGERIA;;;;;;;;;;;12;;;;;;;;;;;;;;;;;3000;;;;;;;;;;;;;;;;;;;276;;;;;;25;;1250;;;;;;57;;;0;;2;57;20;;76;;;;21;11;;;;;0;2635;43;37;;54;56;;1;0;22;;0;21;37;233;;4;5;;34;48;921;48;2369;22;34;5;90;93;48;2;10;69;;
ASM;AMERICAN SAMOA;;;;;;;;;;;;;;;;;;;;;;;;;;;;;;;;;;;;;;;;;;;;;;;;;;;;;;;;;;;;;;;;;;;90;;;;;;;;;;;;;;;;;;;0;;;;0;;;;;;;;;;;;;;6;0;0;;;;34;;;;;
AGO;ANGOLA;;;;;;;;;;;;;;;;;;;;;;;;;;;;;;;;;;;;;;;;;;;;;;;;;;;;;;;;;;;;;;;;;;;;;;;;;;;;;;;;;;0;;;;0;;59;;766;;;;;;0;;0;115;188;77;154;8;15;357;0;2422;620;370;178;25;130;0;9;
AIA;ANGUILLA;;;;;;;;;;;;;;;;;;;;0;0;0;0;0;;;;;;;;;;;;;;;;;;;;;;;;;;;;;;;;0;;;;;5;;;;;;;;;;;;;;;;;;;0;;;;0;0;;;;;;;;;;;;;;;0;;;;;;;;;;;;;;;
ATG;ANTIGUA AND BARBUDA;;;;;;;;;;;;;;;;;;;;;;;;;;;;;;;;;;;;;;;;;;;;;;;;;;;2;;;;;;;;;;2;;;;;;0;;;;;;;;;;;;;;;;;0;;;;;;2;0;;;;;2;;;2;2;;;;;;;;;0;;0;;;;
ARG;ARGENTINA;;;;;;;;;;;;;;;;;;;;;;;;;;;;;;;;;;;;;;;;;;;;;10000;;;;;0;;;;;;;;;360;;;;;;;45;62;56;;;36;;100;60;100;20;;70;5;0;41;;0;0;30;43;4;1;25;;21;0;112;15;24;6;;0;19;0;37;35;11;39;10;11;0;19;0;29;42;0;25;56;24
ARM;ARMENIA;;;;;;;;;;;;;;;;;;;;;;;;;;;;;;;;;;;;;;;;;;;;;;;;;;;;;;;;;;;;;;;;;;;;;;;;;;;;;;;;;;;;;;;;;;;;;;;;;;4;0;;0;;;;1;;;;;;;;;0;
AUS;AUSTRALIA;;;;;;;;;;;;;;;;;;;;;;;;;;;;;;;;;;;;;;;;71;;;;;49;;;;;;;;;;;70;;;;;;;;;;;;662;12;;13;30;;12;90;0;0;3;12;15;0;2;1;75;36;38;15;;17;25;12;0;2;18;36;9;21;21;20;8;1;6;2;6;6;20;4;11;8;535;36;1;4;9;2
AUT;AUSTRIA;;;;;;;;;;;;;;;;;;;;;;;;;;;;;;;;;;;;;;;;;;;;;;;;;;;;;28;;210;;;;;;;;;;;;;;;;;;;;;15;0;;;;0;0;12;0;42;12;;;;;3;5;;0;0;2;0;3;0;53;13;;12;345;;4;0;5;4;3;;;5;4;
AZE;AZERBAIJAN;;;;;;;;;;;;;;;;;;;;;;;;;;;;;;;;;;;;;;;;;;;;;;;;;;;;;;;;;;;;;;;;;;;;;;;;;;;;;;;;;;;;;;;;;;;;;;;;5;;11;1;1;42;;;0;;;;;;0;3;;5;;
BHS;BAHAMAS;;;;;;;;;;;;;;;;;;;;;;;;;;;0;;;0;;;;;;14;;;;;;;;;;22;;;;;;;;;;;;;;;;;;0;;0;5;;;;;;;;;;;;;;;;;;;;;;0;;0;;4;;;0;;;;1;;0;;;12;1;;1;0;;;0;1;0;
BHR;BAHRAIN;;;;;;;;;;;;;;;;;;;;;;;;;;;;;;;;;;;;;;;;;;;;;;;;;;;;;;;;;;;;;;;;;;;;;;;;;;;;;;;111;;;;;;;;;;;;;;;;;;;;;;;;;;;;;;;;;;;;
BGD;BANGLADESH;;;;;0;;;;;172;;0;;;;;;;393000;0;;;0;6;;;0;;;;;;;;;;;0;;;;5000;61000;1900000;;;;500;;;;200;;;;;;;500;;18149;11266;;22109;300;48921;889;91;339;849;300317;163;250;2327;31500;;215;907;1176;71;666;1085;2696;1430;2150;16055;379;3042;3506;1186;1041;142134;240;684;350;2014;901;624;1642;330;222;253;928;529;1034;332;154;5721;68;348;107;102;344;50;16
BRB;BARBADOS;;;;;;;;;;;;;;;;;;;;;;;;;;;;;;;;;;;;;;;;;;;;;;;;;;;;;;;;57;;;;;;;;;;;;;;;3;;;;;;;;;;0;;;;0;;;0;;;;;;;;0;;;;;;;0;;1;;;0;;;0;;;;
BLR;BELARUS;;;;;;;;;;;;;;;;;;;;;;;;;;;;;;;;;;;;;;;;;;;;;;;;;;;;;;;;;;;;;;;;;;;;;;;;;;;;;;;;;;;;;;;;;;;;;;0;;13;0;5;;2;0;;;;;;5;0;;;;;0;4;2
BEL;BELGIUM;;;;;;;6;;;;;;;;;;;;;;;;;;;;0;;0;;60;;;;;;;;;;;;;;;0;;;;;;;;11;;;4;;;;;;;12;;;0;0;;;;0;0;;;;0;;;;;;0;2;0;0;;0;;;16;;0;0;0;6;;;1;2;;;7;1175;;2;940;2;0;1;4;5;3;0;
BLZ;BELIZE;;;;;;;;;;;;;;;;;;;;;;;;;;;;;;;;1500;;;;;;;;;;;;;;;;;;;;;;;;16;;;;;;275;;;;;;;;;;;;;0;;;;5;0;;;;;;;;;;;0;;;;;0;;;9;;14;30;;;;3;;0;8;;0;;;;
BEN;BENIN;;;;;;;;;;;;;;;;;;;;;;;;;;;;;;;;;;;;;;;;;;;;;;;;;;;;;;;;;;;;;;;;;;;;;;;0;;0;;;;1;;2;;;;0;0;0;61;;65;0;228;;3;;;0;20;76;47;78;12;351;378;50;3;;4;;10;48;10;71;0;4;7;
BMU;BERMUDA;;;;;;;;;;;;;;;;;;;;;;;;;;;;;;;;;;;;;;;;;;;;;;;;;0;;;;;;;;;;;;;;;;;;;;;;;;;;;;;;;;;;;;;0;0;0;;0;;;;;;;;;;;;;;4;;;;;;;;;;;
BTN;BHUTAN;;;;;;;;;;;;;;;;;;;;;;;;;;;;;;;;;;;;;;;;;;;;;;;;;;;;;;;;;;;;;;;;;;;;;;;;;;;;;;;;;;;;;;41;;;;;;;0;;39;;;;;0;200;;;;0;;;;;23;;1;;;
BOL;BOLIVIA;;;;;;;;;;;;;;;;;;;;;;;;;;;;;;;;;;;;;;;;;;;;;;;;;;;;;;;;;;;;;;;;;;40;14;;24;18;;;;;31;;;10;40;;0;;20;250;0;0;29;25;0;67;0;329;53;;5;;40;74;160;36;36;50;96;143;0;0;25;116;27;0;59;52;13;136;
BIH;BOSNIA-HERCEGOVENIA;;;;;;;;;;;;;;;;;;;;;;;;;;;;;;;;;;;;;;;;;;;;;;;;;;;;;;;;;;;;;;;;;;;;;;;;;;;;;;;;;;;;;;;;;;;;;;;;;;;;0;6;0;;0;0;4;;0;;1;5;;4;;
BWA;BOTSWANA;;;;;;;;;;;;;;;;;;;;;;;;;;;;;;;;;;;;;;;;;;;;;;;;;;;;;;;;;;;;;;;;;;0;;;0;;0;;0;;;;;;;;;;0;;;;0;;191;;;;0;;;20;;;;;3;;;;0;0;470;;2;0;;0;;12;
BRA;BRAZIL;;;;;;;;;;;;;;;;;;;;;;;;;;;;;;;;;;;;;;;;;;;;;;;;;200;100;;;;;;;66;112;;159;;;;;100;22;946;1256;113;316;172;239;;20;1826;244;;72;26;300;82;97;33;176;573;123;29;107;732;303;24;240;137;;0;240;186;93;27;35;115;98;161;255;39;49;20;70;326;203;395;978;0;121;24
BRN;BRUNEI DARUSSALAM;;;;;;;;;;;;;;;;;;;;;;;;;;;;;;;;;;;;;;;;;;;;;;;;;;;;;;;;;;;;;;;;;;;;;;;;;;;;;;;;;;;;;;;;;;;;;;;;;;;0;;;;;;;;;;;;;;;;
BGR;BULGARIA;;;;;;;;;;;;;;;;;;;;;;;;;;;;;107;;;;;;;;;;;;;;;;;;;;;;;;;;;;;;;;;;;;;11;;;;;;;;;;;;20;;;;0;;0;;;3;;;;1;;;0;;;;0;3;0;14;2;1;;;39;18;17;10;;3;;38;;0
BFA;BURKINA FASO;;;;;;;;;;;0;;;;;;;;;;;;;;;;;;;;;;;;;;;;;;0;;;;;;;;;;;;;;;;;;;;;;;;;;0;;;434;;;;;;;;0;;241;0;1091;;237;0;0;0;0;16;;0;37;;;22;0;4135;2274;26;6;;2978;;1058;527;9;784;1542;556;398;857;0;18;2;
BDI;BURUNDI;;;;;;;;;;;;;;;;;;;;;;;;;;;;;;;;;;;;;;;;;;;;;;;;;;;;;;;;;;;;;;;;;;;;;;;;;;;;;;;54;;;;;;;;;;;12;;;220;;;;;21;;86;308;;87;6;3;120;22;5;9;0;9;24;;;96
KHM;CAMBODIA;;;;;;;;;;;;;;;;;;;;;;;;;;;;;;;;;;;;;;;;;;;;;;;;;;;;;;;;;;;;;;;;;;;;;;;;;;;;;;;;;;;;;;;;0;;;;100;50;;506;;59;28;490;63;347;56;29;;0;23;5;184;;19;8;247;14;200;
CMR;CAMEROON;;;;;;;;;;;;;;;;;;;;;;;;;;;;;;;;;;;;;;;;;;;;;;;;;;;;;;;;;;;;;;;;;;;;;;;;0;;;;;;;;;;;;;37;;1746;0;41;100;118;310;731;513;6;;378;109;239;38;25;61;;20;46;44;8;8;9;109;528;639;25;0;
CAN;CANADA;;;;76;;18;;;33;;62;73;28;;;56;;;50000;;;;43;;;;;;27;;;0;;;;;500;;;;;;;;;;17;;;;1;;;481;83;3;;;;6;;0;33;;;26;0;;;;10;31;;;0;14;0;0;;0;0;0;0;0;0;12;0;27;2;1;8;18;17;0;0;2;10;5;31;7;11;12;2;50;0;4;1;6;0;2;0;8;0;14;0
CPV;CAPE VERDE IS;11000;;;;;;;;;;0;;;;;;;;;;24000;;;;;;;;;;;;;;;;;;;;20000;;;;;;30000;;;;;;;;;;;;;;;;;;;;;;;;;;0;;;;;;;;;;3;;29;;;;0;;;;0;;245;0;;;0;;;;0;;0;;;;;9;;;;;
CYM;CAYMAN ISLANDS;;;;;;;;;;;;;;;;;;;;;;;;;;;;;;;;;;;;;;;;;;;;;;;;;;;;;;;;;;;;;;;;;;;;;;;;;;;;;;;;;;;;;;;;;;;;;;;;;;;;;;0;0;;2;;;;0;;;;;;
CAF;CENTRAL AFRICAN REP;;;;;;;;;;;;;;;;;;;;;;;;;;;;;;;;;;;;;;;;;;;;;;;;;;;;;;;;;;;;;;;;;;;;;;;;;;0;;;;;;;;0;;0;;;;;;;;;56;;;0;7;;0;14;448;346;7;23;3;1;;1;0;4;3;17;0;0;
TCD;CHAD;;;;;;;;;;;0;;;;;;;;;;;;;;;;;;;;;;;;;;;;;;0;;;;;;;;;;;;;;;;;;;;;;;;;;0;;;0;;2312;;;;;;13;;;;3000;;;;0;0;0;487;;;1301;;0;;2;94;239;0;0;1209;213;;11;144;115;72;29;22;108;263;557;108;;
CHL;CHILE;;;;;;;20000;;;;;;;;;;;;;;;;1100;;;;;;220;;;;;;;;;;;30000;;;5;12;;;0;;100;41;;;;15;;;;;0;;6570;;;280;4;1084;4;;0;;;85;;;32;;;15;4;30;;;0;4;127;180;39;164;0;21;0;142;0;115;;33;;44;;0;16;6;19;0;3;61;18;18;9;;562;1;8;0;28
CHN;CHINA P REP;;;;;;;1266;12000;;1500000;60000;100000;50000;;;0;;1800;10000;;680000;;100000;7200;;5000;;205000;3000000;;;3700000;70000;28000;500;142000;;;;500000;;;30;;;;;;2130;57000;500;4800;;;32050;39;4000;560;;2002018;;;;;686;0;0;;;3000;10107;;;;20000;10000;242000;;0;41;6491;2465;551;921;144;1662;683;881;3969;3161;1324;5392;1449;1565;3203;2436;5612;1633;4501;1727;678;922;1795;1092;807;1074;2109;1161;88450;575;7186;746;802;1395;37
COL;COLOMBIA;;;;;;;400;;;;;;;;;;;;;;;;;;;;100;;;;;;;;;;;;;;;;;;;;;;;1000;150;;;;187;;;;;184;;;247;;;32;;61;0;0;837;251;70;225;390;;60;0;;701;40;225;120;411;0;21800;278;674;146;16;10;457;11;170;308;141;79;2;104;1276;115;99;135;91;116;180;150;218;155;53;593;313;85;98;0
COM;COMOROS;;;;17;;;;;;;;;;;;;;;;;;;;;;;;;;;;;;;;;;;;;;;;;;;;;;;;500;;;;;;;;;;;;;;;;;;;;;;;;;;1;;;;0;;33;;2;;24;;3;;0;;;;;;;40;14;;;;0;;1;0;29;;2;;;4;;0
COG;CONGO;;;;;;;;;;;;;;;;;;;;;;;;;;;;;;;;;;;;;;;;;;;;;;;;;;;;;;;;;;;;;;;;;;;;154;;;;;;;;;;;;;;;;0;;;;;;;;;;;0;;;83;0;17;24;19;128;29;;17;56;0;26;;219;65;24;16;
COK;COOK IS;;;;;;;;;;;;;;;;;;;;;;;;;;;;;;;;;;;;;;;;;;;0;0;;;0;;;;;;;;;;;;;;;;;;;;;0;;;;;;;;;;;;;;0;;;;;;5;;;8;;;;;;;19;;;;0;;;;0;;;;0;0;;;;
CRI;COSTA RICA;;;;;;;;;;;1750;;;;;;;;;;;;;;;;;;;;;;;;;;;;;;;;;;;;;;;;;;;;;;;;;;;;;15;;;;;87;7;24;;;21;;2;0;;;;1;;;12;;;;;35;;1;48;0;12;2;0;60;;8;9;7;0;10;3;10;6;;19;11;31;27;4;8;3;
CIV;COTE D'IVOIRE;;;;;;;;;;;;;;;;;;;;;;;;;;;;;;;;;;;;;;;;;;;;;;;;;;;;;;;;;;;;;;;;;;;;;;;120;;;;;;;;;;;;;0;;;;;;0;;16;;;;150;28;;;;;196;77;;;40;42;30;50;27;18;;;;
HRV;CROATIA;;;;;;;;;;;;;;;;;;;;;;;;;;;;;;;;;;;;;;;;;;;;;;;;;;;;;;;;;;;;;;;;;;;;;;;;;;;;;;;;;;;;;;;;;;;;;;;;;0;0;;;41;0;;788;;7;0;12;;;0;;7;;
CUB;CUBA;;;;;;;;;;;;;;;;;;;;;;;;;;;600;;;;;;2500;;;35;;;;;;;;;0;;;;14;;;;;;;;;;;;;;;1750;0;;5;;0;;20;;;;;;1;7;6;;3;0;24;15;;4;0;0;23;;4;;0;51;14;2;3;3;6;4;2;5;3;0;4;20;2;1;7;;;;14;2;
CYP;CYPRUS;;;;;;;;;;;;;;;;;;;;;;;;;;;;;;;;;;;;;;;;;;;;;;;;;;;;;;40;;;;;;;;;;;;;;;;3;0;;;;;;;;;;;;;0;;;;;;;;0;;;;2;0;;52;;5;;;0;0;;;4;;;;;;;
CZE;CZECH REP;;;;;;;;;;;;;;;;;;;;;;;;;;;;;;;;;;;;;;;;;;;;;;;;;;;;;;;;;;;;;;;;;;;;;;;;;;;;;;;;;;;;;;;;;;;;;;;;;1;29;6;;0;;20;418;;16;6;4;2;15;23;;32;15;
DNK;DENMARK;;;;;;;;;;;;;;;;;;;;;;;;;;;;;;;;;;;;;;;;;;;;;;;;;;;;;;;;;;;;;;;;;;;;;;;;;;;;;0;;;;0;9;;2;;0;;;;;1;;0;;;;;;;7;;;1;;;4;;0;;;0;;;2;
DJI;DJIBOUTI;;;;;;;;;;;;;;;;;;;;;;;;;;;;;;;;;;;;;;;;;;;;;;;;;;;;;;;;;;;;;;;;;;;;;;;;;;;;;;0;0;;0;25;;0;;;;;0;10;;;;0;155;0;0;29;43;;4;0;;;51;0;;6;0;;0;;;;
DMA;DOMINICA;;;;;;;;;;;;;;;;;;;;;;;;;;;;;;;2000;;;;;;;;;;;;;;;;;;;;;;;;;;;;;;;;;0;;;;;;;0;;;;;;;;;40;0;;;;2;;;;;0;;;;;;2;;;;0;;3;;;0;;;2;;;;0;;;
DOM;DOMINICAN REP;;;;;;;;;;;;;;;;;;;;;;;;;;;;;;;2000;;;;;;;;;;;;;;;;73;;;;;;;;;;;;;;;;;400;7;0;74;;0;;;;;;;;;;0;1432;7;20;;0;;12;12;3;0;0;;10;20;30;;13;27;;347;16;;3;3;21;703;12;;175;13;32;137;12;172;0;
ECU;ECUADOR;;;;;0;;0;;;;;;;;;;;;;;;;;;40;;;;;;;190;;;;;;;;;;;200;;;;;;;6000;50;;;71;;;;;;;;;;;0;0;50;36;;400;49;20;;25;;0;81;0;;;8;;307;100;;0;;5102;;35;4;343;222;450;0;3;27;245;16;0;86;58;91;0;;;21;;41;3;18;7;45;24;
EGY;EGYPT;;;;;;;;;;;;;;;;;;;;;;;;;;;12;;;;;;;;;;;;;;;;;;;;;10276;;;;;;;0;20;;;;;;;;;;;;;;;;;;;;15;;;;53;;;;;;;;30;;;;1;552;34;600;49;34;22;;;3;;18;;13;;15;;98;;58;;;;
SLV;EL SALVADOR;;;185;;;;0;;;;;;;;;;;;;;;;;;;;;;;;;;;;2000;;;;;;;;;;;;;;;;;1000;;;;;;;;;;;;;;125;;;;14;;;;;;;;;;;;;520;;;;1100;;55;10;;155;2;22;0;13;12;4;475;7;27;1159;7;304;;120;1;2;30;282;17;35;;0;
GNQ;EQUATORIAL GUINEA;;;;;;;;;;;;;;;;;;;;;;;;;;;;;;;;;;;;;;;;;;;;;;;;;;;;;;;;;;;;;;;;;;;;;;;;;;;;;;;;;;;;;;;;;;;;;;;;;;;;;;;;;15;;;;;;;;;;
ERI;ERITREA;;;;;;;;;;;;;;;;;;;;;;;;;;;;;;;;;;;;;;;;;;;;;;;;;;;;;;;;;;;;;;;;;;;;;;;;;;;;;;;;;;;;;;;;;;;;;;3;;0;;;;0;;;;0;0;;;;0;;;;;;
EST;ESTONIA;;;;;;;;;;;;;;;;;;;;;;;;;;;;;;;;;;;;;;;;;;;;;;;;;;;;;;;;;;;;;;;;;;;;;;;;;;;;;;;;;;;;;;;;;;;;;;;;;;;;;;;;;;0;3;;;;;;1;;
ETH;ETHIOPIA;;;;;;;0;;;;;;;0;0;;;;;;;0;;;;;;0;;;;;;;;;;;;;;;;;;;;;;;;;;;;;;;;;;0;;;;2000;;;1;24;500;;;100000;;;0;71;9;;157;990;;300000;;1110;0;367;7445;0;0;13;0;2;26;27;40;326;0;57;495;434;34;119;;285;1302;22;65;135;35;0;0;110;
FJI;FIJI;;;;;;;;;;;;;;;;;;;;;;;;;;;;;;;;200;;;;;;;;;;6;;;;;;;;;;;23;;;;;;0;;;;;;1;2;;;;;;;3;59;;0;;;0;53;18;0;;9;;32;20;1;;10;0;;1;21;;;;25;0;12;4;1;;17;16;0;4;7;7;14;2;;17;;
FIN;FINLAND;;;;;;;;;;;;;;;;;;;;;;;;;;;;;;;;;;;;;;;;;;;;;;;;;;;;;;;;;;;;;;;;;;;;;;;;;;;;;;;;;;;;;;;;;;;0;;;;;;;;;;;;;;;0;;;;;;;;;
FRA;FRANCE;;;;;;;;;;46;;;;;;;;;;;;;;;;;;;;;;;;;;;;;;;;;;;;;;;;80;;;;;;;;;35;;;;;;;;;5;;23;114;;;;;;0;26;3;11;6;0;30;55;4;6;5;27;10;9;62;20;71;16;13;16;5;23;15;146;11;17;28;19512;11;13;1393;5;5;18;81;3;12;4;6
GUF;FRENCH GUIANA;;;;;;;;;;;;;;;;;;;;;;;;;;;;;;;;;;;;;;;;;;;;;;;;;;;;;;;;;;;;;;;;;;;;;;;;;;;;;;;;;;;;;;;;;;;;;;;;;0;;;;;;;;;;;;;;;;;;
PYF;FRENCH POLYNESIA;;;;;;;;;;;;;;;;;;;;;;;;;;;;;;;;;;;;;;;;;;;;;;;;;;;;;;;;;;;0;;;;;;;;;;;;;;;;;;;;;;;;;7;;;;10;;;;;;;;;;;13;;;;;;;;;;;;1;;;;
GAB;GABON;;;;;;;;;;;;;;;;;;;;;;;;;;;;;;;;;;;;;;;;;;;;;;;;;;;;;;;;;;;;;;;;;;;;;;;;;;;;;;;;;;;;;;;;;0;;;;;;20;;45;;;;;50;;;1;;;0;;0;0;;1;;
GMB;GAMBIA THE;;;;;;;;;;;0;;;;;;;;;;;;;;;;;;;;;;;;;;;;;;0;;;;;;;;;;;;;;;;;;;;;;;;;;;;0;;;0;;0;;;;0;200;;0;;;;;;0;0;0;;;;;;;;0;120;;53;21;1;0;3;2;;;0;0;5;9;;0;2;
GEO;GEORGIA;;;;;;;;;;;;;;;;;;;;;;;;;;;;;;;;;;;;;;;;;;;;;;;;;;;;;;;;;;;;;;;;;;;;;;;;;;;;;;;;;;;;;;;;;;;;8;1;;;1;;7;;;0;0;6;;1;0;0;;;0;;7;5;0;
DEU;GERMANY;;;;;;;;;;;;;;;;;;;;;;;;;;;;;;;;;;;;;;;;;;;;;;;;;;;;;;;;;;;;;;;;;;;;;;;;;;;;;;;;;;;;;;;;;;;64;0;1;11;13;5;0;30;3;30;;6;49;9370;2;4;23;19;8;16;8;4;6;11;
DEU;GERMANY DEM REP;;;;;;;;;;;;;;;;;;;;;;;;;;;;;;;;;;;;;;;;;;;;;;;;;;;;;;;;;;;;;;;;;;;;;;;;;;;;;;;;;;;;;0;0;;;;;;;;;;;;;;;;;;;;;;;;;;;;;
DEU;GERMANY FED REP;;;;;;;;;;;;;;;;;;;;;0;;;;;0;0;;;0;;;;;;;;;;;;;;;;;;;;;;;;0;;;;;;;;;347;;;;;;2;;;;54;;0;;82;;2;0;;;;0;3;0;;;6;;;5;;;;;;;;;;;;;;;;;;;;;;;
GHA;GHANA;;;;;;;;;;;;;;;;;;;;;;;;;;;;;;;;;;;;;;;;17;;;;;;;;;;;;;;;;;;;;;;;;;;;;;0;;;0;;;;;;0;;;;;;0;103;4;;;15;7;;25;;;;145;411;26;67;76;;24;4;;;40;;56;0;40;90;121;76;23;
GRC;GREECE;;;;;;;;;;;;;;;;;;;;;;;;;;;;;103;;22;;;;;;;;;;;;;;;;;;;;;;;455;31;;48;;;;;43;;;;38;2;9;19;;;;;;;;;27;50;15;1;24;;12;0;23;20;1048;56;;4;5;;1;14;52;0;9;17;143;37;11;2;0;0;;4;88;2;0;1;;6;;0
GRD;GRENADA;;;;;;;;;;;;;;;;;;;;;;;;;;;;;;;;;;;;;;;;;;;;;;;;;;;;;;;;;;;;;;;;6;;;;;;;;;;;;0;;;;;0;;;;;;;;;;0;;;;;;;;;0;;;;;39;1;;;;;0;;;;
GLP;GUADELOUPE;;;;;;;;;;;;;;;;;;;;;;;;;;;;;2000;;;;;;;;;;;;;;;;;;;;;;;;;;;;0;;;;;;;;14;;25;;;;0;;;;;;0;;;0;;;;;;;;;0;5;0;;;;;0;;;0;4;;;;;1;;;0;;;0;;;;
GUM;GUAM;;;;;;;;;;;;;;;;;;;;;;;;;;;;;;;;;;;;;;;;;;;;;;;;;;;;;;;;;;;;;;;6;;;;;;;;;;;;;;9;;;;;;;;;;;0;;;;;1;0;;;;0;;;;;1;;1;;;;;;;;;;
GTM;GUATEMALA;;;9000;;;;;;;;;;;;;;;2650;;;;;;;;;;;;5000;;;;;;;;;;;;;;;;;;;;40000;;;;;;;;;;;;;;;;;;;;273;;;;5;;;23000;;;0;;;640;0;0;0;0;84;5;10;200;217;206;;10;31;0;;452;14;36;55;71;22;;1583;6;11;74;36;227;83;44;3;
GIN;GUINEA;;;;;;;;;;;;;;;;;;;;;;;;;;;;;;;;;;;;;;;;;;;;;;;;;;;;;;;;;;;;;;;;;;;;;;;;;;;;;;;;;;0;;275;;;;18;;;;;;0;311;;;;12;12;194;21;23;24;100;72;129;90;0;2;8;0;105;0;84
GIN;GUINEA BISSAU;;;;;;;;;;;0;;;;;;;;;;;;;;;;;;;;;;;;;;;;;;0;;;;;;;;;;;;;;;;;;;;;;;;;;;;;;;;0;;;;;;0;;;;0;;;;0;69;;;;;;0;195;;961;781;3;404;;;0;0;6;399;0;;221;;2;;;;
GUY;GUYANA;;;;;;;;;;;;;;;;;;;;;;;;;;;;;;;;;;;;;;;;;;;;;;;;;;;;;;;;;;;;;;;;;;;;;;;;0;;;;;;;;;;;;;;;;;0;0;;;;;;;0;0;;;10;;;;;34;0;;0;;0;;;;
HTI;HAITI;;;;;;;;;;150;;;;;;1600;;;;;;;;;;;;;;;;;;;;2150;;;;;;;;;;;;;;;;;6;;672;;;;;50;;;26;5500;100;;480;;0;;;;78;;0;;;0;;8;220;;;;;;148;33;81;0;0;;0;13;1122;;84;;190;13;16;26;35;128;5422;88;16;163;698;21;229549;39;180;6;
HND;HONDURAS;;;;;;;;;;;;;;;;0;;;;;;;;;;;;;;;;1500;;;;;;;;;;;;;;;;;;;;;;;;;;;;;;275;;;;7;;;;0;;0;0;2800;8000;;20;;0;1;2;0;130;;0;;0;;19;10;5;;;413;151;37;8;0;14617;34;0;21;19;10;0;61;4;7;67;14;211;33;0;10;0
HKG;HONG KONG (CHINA);;;;;;;10000;;;;;;;;;;;;;;;;;100;;;;;;;;;;;;;;11000;;;;;;;;;;2000;;;;;;;;;;8;;43;60;7;183;;70;5;144;0;22;0;0;115;238;1;1;3;38;1;11;13;2;0;31;23;;2;5;10;0;12;;22;7;8;1;;;81;;2;;;;303;;0;;;2;0;1;;;;
HUN;HUNGARY;;;;;;;;;;;;;;;;;;;;;;;;;;;;;;;;;;;;;;;;;;;;;;;;;;;;;;;;;;;;;;;;;;;;;;;300;;;;;;;;;;;;;;4;;0;;;;;;0;;;;0;0;;48;1;81;0;7;0;52;5;500;17;;1;;16;0;
ISL;ICELAND;;;;;;;;;;;;;;;;;;;;;;;;;;;;;;;;;;;;;;;;;;;;;;;;;;;;;;;;;;;;;;;;;;;;;;;;;;0;12;;1;;;;;;;4;0;;;;0;;;;;;;34;0;;;;0;;;;;;;;;;0;;;;
IND;INDIA;1250000;;;;;20000;;1300000;;;;;;;;;300;;;;2500000;;;;301242;80;423000;685;36;;;;;;6000;60100;233;;;;;;1540000;5000;304;0;400;;500;1000;1735;;750;480;30;2120;290;187;708;621;237;3457;173;512;732;1500100;65;4506;7459;815;1053;11041;330;261;280;898;270;14766;7841;1734;3896;1870;2194;1634;6084;4016;1065;1970;7424;2115;2509;2826;1252;11251;2448;2934;3230;2556;9424;11459;2817;21045;2991;2251;17737;4997;1431;2236;1808;2204;1439;1038;599;7119;42
IDN;INDONESIA;;;;;;;;400;;5540;;;;;20;;;15000;;5000;;;;;727;;;50;128;;1369;1300;6;;;;26;;17;;;;;213;;;;;;;;1300;;114;37;405;300;;8;;;;;1690;;111;9264;285;252;64;82;;0;1650;10;;1354;327;226;1082;253;1007;642;161;363;52;318;459;229;144;280;524;2632;134;609;239;402;1130;1490;162;564;587;290;534;166604;1325;7421;979;144;1485;1294;129;107;170;111
IRN;IRAN ISLAM REP;;;;;;;;;;5000;;;;;;;;;;;;;;;;;;;;3300;2500;;;;;;;;;;;;;;;;;400;200;;52;225;;1890;2000;;1350;5666;191;;480;60;12000;;0;288;42;;10068;70;219;;5117;;;14;16;1114;25053;565;306;3458;;33;;1;266;867;91;100;40042;78;68;805;53;27;58;2781;211;102;90;476;291;26817;75;734;77;24;56;0;11;;319;45;
IRQ;IRAQ;;;;;;;;;;;;;;;;;;;;;;;;;;;;;;;;;;;;;;;;;;;;;;;;;;;;;;;0;;;;;;;;;;;;;0;0;0;;;;;;;;;1;;;;;;;;;;;;;20;;;;;;0;0;;;;;0;0;;22;24;15;2;;6;4;11;
IRL;IRELAND;;;;;;;;;;;;;;;;;;;;;;;;;;;;;;;;;;;;;;;;;;;;;;;;;;;;;;;;;;;;;;;;;;;;;;;;;;;;;;;;;;;;10;;;11;0;;;2;0;;3;;;2;;2;8;3;;0;0;0;0;;;;0;;2;;;0
ISR;ISRAEL;;;;;;;;;;;;;;;;;;;;;;;;;;;;;;;;;;;;;;;;;;;;;;;;;;;;;;;;;;;;;;;;;;;;;;;20;;;;;;;;;;;;;0;;;;;;;;5;0;;;0;;15;0;0;15;;;;;;;;;;46;;;4;
ITA;ITALY;;;;;;2500;700;;75000;;;;;;;29980;;;;;0;;100;;;;;;;;1883;;;;;;;;;10;;;;;26;;;;105;;;163;;100;297;;;;;;12;;;1917;;92;70;;296;;72;22;1;38;;12;934;23;6;14;4689;12;0;7;4;329;2;90;;;27;0;2;8;72;;17;36;170;1;46;2;37;20092;2;9;5;17;9;335;3;29;73;18;1
JAM;JAMAICA;330;;;65;;;;1200;;53;;;142;;;;;57;;;;;;4;;;;;;;;;16;63;;0;;151;;;125;;;;32;;;;;;;154;;;;;;;;;;;;11;;;;;0;;;;;6;;;;0;;44;6;0;;;;7;54;9;49;;0;15;;9;4;;0;;;;0;1;13;;16;6;4;5;13;;15;;1;;
JPN;JAPAN;30;18;125;;;;;41;;;1379;;1000;;269;;;4000;;;;;;148344;;;144;5850;;;0;;;6064;3006;;;;933;;;;;2073;998;6158;2000;3930;5999;617;636;1249;235;4246;2253;343;130;1101;1950;5305;179;653;71;133;311;289;358;779;171;72;;135;588;101;331;98;169;41;67;121;29;203;563;465;34;49;64;10;27;43;67;144;11;438;10;5300;20;28;57;86;32;25;7;46;359;136;62;87;29;61;180;19975;173;400;35
JOR;JORDAN;;;;;;;;;;;;;;;;;;;;;;;;;;;;242;;;;;;;;;;;;;;;;;;;;;;;;;;;;;;;;;;;;25;;8;259;;;;;;;;;;;;;;;4;;;;;;9;;0;;10;15;;;;;2;;0;9;;5;;;;;;;;;;;;
KAZ;KAZAKHSTAN;;;;;;;;;;;;;;;;;;;;;;;;;;;;;;;;;;;;;;;;;;;;;;;;;;;;;;;;;;;;;;;;;;;;;;;;;;;;;;;;;;;;;;;;;;;;;;10;;112;;0;7;0;0;3;;3;48;0;;;1;;44;2;0;;5
KEN;KENYA;;;;;;;;;;;;;;;;;;;;;;;;;;;;;;;;;;;;;;;;;;;;;;;;;;;;;;;;;;;;;;;;;0;0;;;0;;;0;;;;0;;100;;0;;;75;;0;;;;50;;44;26;;;1000;;0;1318;67;1899;50;44;101;40;143;106;395;39;112;307;261;33;73;128;
KIR;KIRIBATI;;;;;;;;;;;;;;;;;;;;;;;;;;;;;;;;;;;;;;;;;;;;;;;;;;;;;;;;;;;;;;;;;;;;;;;;;3;;;;;17;;;;;;;;;;;;;;;;;;;;;;0;;;;;;;;;0;;;;;;0
KOR;KOREA DEM P REP;;;;;;;;;;;;;;;;;;;;;;;;;;;;;;;;;;;;;;;;;;;;;;;;;;;;;;;;;;;;;;;;;;;;;;;;;;;;;;;;0;;;;;;;;315;;;;;;6;;68;116;0;50;42;46;124;3;;24;193;282;610;;;20;74;147;51;
KOR;KOREA REP;;;;;;;;;;;;;;;;;;;;;;;;;;;;;;;;;;;;;1104;;;;;;;;;;;;;;;;;;;;103;485;;494;;249;290;116;210;323;95;0;18;630;67;109;747;;;;25;315;27;115;165;113;68;;213;57;33;669;25;109;194;126;5;43;28;73;104;15;503;68;61;81;225;130;24;29;46;23;10;;12;121;22;;10
KWT;KUWAIT;;;;;;;;;;;;;;;;;;;;;;;;;;;;;;;;;;;;;;;;;;;;;;;;;;;;;;;;;;;;;;;;;;;;;;;;;;;;;;;;;;;;;;;;;;;;;;;;;;2;;;;;;0;;;;;;;;;;;
KGZ;KYRGYZSTAN;;;;;;;;;;;;;;;;;;;;;;;;;;;;;;;;;;;;;;;;;;;;;;;;;;;;;;;;;;;;;;;;;;;;;;;;;;;;;;;;;;;;;;;;;;;;;58;;162;;;22;1;;11;;0;38;49;3;4;0;74;0;0;0;16;;0
LAO;LAO P DEM REP;;;;;;;;;;;;;;;;;;;;;;;;;;;;;;;;;;;;;;;;;;;;;;;;;;;;;;;;;;;;;;;;;;;300;;2;0;;14;;;;;;0;31;;;0;;;14;0;;63;0;;;0;175;8;500;60;30;;;0;59;0;2;;;;;2;6;26;;48;;100;
LVA;LATVIA;;;;;;;;;;;;;;;;;;;;;;;;;;;;;;;;;;;;;;;;;;;;;;;;;;;;;;;;;;;;;;;;;;;;;;;;;;;;;;;;;;;;;;;;;;;;;;;;;;;;6;0;21;;15;;0;40;;;;;;10;;
LBN;LEBANON;;;;;;;;;;;;;;;;;;;;;;;;;;;;;;;;;;;;;;;;;;;;;;;;;;;;;;;;440;136;;;;;;;;;;;;;;;;;;;;;;;;;;;20;;;;0;;;;;25;;;;;;;;;;0;0;;;;1;;;;;;;
LSO;LESOTHO;;;;;;;;;;;;;;;;;;;;;;;;;;;;;;;;;;;;;;;;;;;;;;;;;;;;;;;;;;;;;;;;;;;;;0;;;;;;0;;;;;;;;;0;;0;;18;;0;22;;0;;;;0;;;28;28;1;0;;;;;0;0;;;26;;;
LBR;LIBERIA;;;;;;;;;;;;;;;;;;;;;;;;;;;;;;;;;;;;;;;;;;;;;;;;;;;;;;;;;;;;;;;;;;;;;;;;;;;;;;;;;466;;46;0;;;;;;;0;;;;;9;56;;22;39;13;;0;0;;29;;1;0;2;1;;;;6
LBY;LIBYAN ARAB JAMAH;;;;;;;;;;;;;;;;;;;;;;;;;;;;;;;;;;;;;;;;;;;;;0;;;;;;;;;;;;;;;;;;;320;;;;;;;;;;;;;;;;;;;;;;;;;;;;;;;;0;;;;;;;;;;;;;;;;;;16;
LTU;LITHUANIA;;;;;;;;;;;;;;;;;;;;;;;;;;;;;;;;;;;;;;;;;;;;;;;;;;;;;;;;;;;;;;;;;;;;;;;;;;;;;;;;;;;;;;;;;;;;;0;6;;;;;;34;;20;;;;0;0;;;;9;;30;;
LUX;LUXEMBOURG;;;;;;;;;;;;;;;;;;;;;;;;;;;;;;;;;;;;;;;;;;;;;;;;;;;;;;;;;;;;;;;;;;;;;;;;;;;;;;;;;;;;0;;;;;;;0;;;0;;0;;;;;;;;170;;;;;;;0;;;;
MAC;MACAU;;;;;;;;;;;;;;;;;;;;;;;;;;;;;;;;;;;;;;;;;;;;;;;;;;;;;;;;;;;;;;;;;;;;;;;;;;;;;;;;;;;;;;;;;;;;;;0;;;;;;;;;;0;;;;;;;;;;;
MKD;MACEDONIA FRY;;;;;;;;;;;;;;;;;;;;;;;;;;;;;;;;;;;;;;;;;;;;;;;;;;;;;;;;;;;;;;;;;;;;;;;;;;;;;;;;;;;;;;;;;;;;;;0;;0;;;;;0;15;0;2;15;1;0;1;;;;;1;1;
MDG;MADAGASCAR;;;;;;;;;;;;;;;;;;;;;;;;;;;;;;;;;;;;;;;;;;;;;;;;;;;;;;;;;;;;;;;;;;;;;29;81;70;;91;;;7;16;10;70;;;107;92;42;68;;99;;200;46;;36;;;212;;9;174;0;981;153;;694;105;395;107;4;91;125;27;120;35;112;164;
MWI;MALAWI;;;;;;;;;;;;;;;;;;;;;;;;;;;;;;;;;;;;;;;;;;;;;;;;;;;;;;;;;;;;;;;;;;;;0;;0;;;;;;;;;;0;;;0;;;;;0;;57;0;472;0;;;1;;10;4;0;83;1190;725;12;;12;28;2;113;66;0;4;4;3;
MYS;MALAYSIA;;;;;;;;;;;;;;;;;;;;;;;;;;;;;;;;;;;;;;;;;;;;;;;;;;;;;;;;;;;;;;;;;;6;;50;23;;61;;;;;;;0;0;;;;;10;;;11;3;27;;;263;;102;;20;333;97;105;1;16;11;12;10;97;13;6;102;0;0;;18;;4;
MDV;MALDIVES;;;;;;;;;;;;;;;;;;;;;;;;;;;;;;;;;;;;;;;;;;;;;;;;;;;;;;;;;;;;;;;;;;;;;;;;;;;;;;;219;;;;;;;;;0;;;;0;;;;;;;;;;;;;102;;;0;;;;4;;;
MLI;MALI;;;;;;;;;;;0;;;;;;;;;;;;;;;;;;;;;;;;;;;;;;0;;;;;;;;;;;;;;;;;;;;;;;;;;0;;;513;;;;;;;;;0;30;0;412;;;1022;0;0;202;64;1;;0;;;;;345;1098;3;2;15;2;35;106;0;43;10;18;0;35;0;50;;37;
MHL;MARSHALL IS;;;;;;;;;;;;;;;;;;;;;;;;;;;;;;;;;;;;;;;;;;;;;;;;;;;;;;;;;;;;;;;;;;;;;;;;;;;;;;;;;;;;;;;;;;;;0;;;;;;;;;6;;;;;;;;0;;;;;0;0
MTQ;MARTINIQUE;;;30000;;;;;;;;;;;;;;;;;;;;;;;;;;;;;;;;;;;;;;;;;;;;;;;;;;;;;;;;;;0;;;10;;;;15;;;45;;;;;;;;;0;0;;;;;;;;;0;8;;;2;;0;0;;;0;;;;;;;;2;;;13;1;;;
MRT;MAURITANIA;;;;;;;;;;;0;;;;;;;;;;;;;;;;;;;;;;;;;;;;;;0;;;;;;;;;;;;;;;;;;;;;;;;;0;;;;0;;;;;;;0;;0;;0;;5;;0;0;;35;38;;;4;;0;;0;46;0;6;1;;0;25;9;0;55;7;3;;1;0;0;;8;
MUS;MAURITIUS;;;;;;;;;;;;;;;;;;;;;;;;;;;;;;;;;;;;;;;;;;;;;;;;;;;;;;;;;;;;;42;;;;;;;0;;;;;2;;;9;;;;5;0;;0;1;0;0;;;;1;;0;;;2;;3;;;0;;;3;;;;0;2;;;;;;11;
MEX;MEXICO;;;;;;;;;;;;;;;;;;;;;;;;;;;;;;60;;;;;;;;;;;;174;;0;;;;;;1000;;50;140;;100;800;;160;;2988;;436;50;;45;27;14;111;55;76;35;17;37;647;13;29;720;10;15;5;171;103;359;325;4;9500;20;18;311;43;463;88;83;103;0;299;16;567;849;724;236;26;103;70;72;88;41;58;36;32;182;125;21;223;
FSM;MICRONESIA FED STATES;;;;;;;;;;;;;;;;;;;;;;;;;;;;;;;;;;;;;;;;;;;;;;;;;;;;;;;;;;;;;;;;;;;;;;;;;;;;;;;;;;;;;;;;5;;;;;;;;;;;0;;19;;47;0;1;;;;0;;;;;;
MDA;MOLDOVA REP;;;;;;;;;;;;;;;;;;;;;;;;;;;;;;;;;;;;;;;;;;;;;;;;;;;;;;;;;;;;;;;;;;;;;;;;;;;;;;;;;;;;;;;;;;;;;;;50;;;9;;0;2;;1;;;0;13;0;3;;1;;10;;
MNG;MONGOLIA;;;;;;;;;;;;;;;;;;;;;;;;;;;;;;;;;;;;;;;;;;;;;;;;;;;;;;;;;;1200;;;;;;;;;57;;;;;;;;;;;;;;;;0;;;;0;;;;36;6;;7;5;;74;;;;23;16;3;15;;;;;52;31;;;;;
MNE;MONTENEGRO;;;;;;;;;;;;;;;;;;;;;;;;;;;;;;;;;;;;;;;;;;;;;;;;;;;;;;;;;;;;;;;;;;;;;;;;;;;;;;;;;;;;;;;;;;;;;;;;;;;;;;;;;;;;0;;0;0;;1;;
MSR;MONTSERRAT;;;;;;;;;;;;;;;;;;;;;;;;;;;;;0;;;;;;;;;;;;;;;;;;;;;;;;;;;;;;;;;;;;;;;;;;;;;;;;;;;;;;;;;;;;;11;0;;;;;0;0;32;;;;;;;;;0;;;;;;;;
MAR;MOROCCO;;;;;;;;;;100;;;;;;;;;;;;;;;;;;;;;;;;;;;;;;;;;;;;;;;;;;131;;;30;;;;;;12000;;;169;76;75;200;;;;11;0;;;;10;;0;;16;;;1;0;0;;;0;31;;;;;;;791;39;60;;0;6;15;80;35;628;1;17;;39;29;42;;0;;0
MOZ;MOZAMBIQUE;;;;;;;;;;;;;;;;;;;;;;;;;;;;;;;;;;;;;;;;;;;;;;;;;;;;;;;;;107;;;;;;;;;;;0;;;;500;;;;1;;303;44;0;10;100000;;189;109;8;;50;100;2;694;0;587;;240;;11;672;296;23;843;86;29;217;;16;31;142;238;198;49;36;33;121;
MMR;MYANMAR;;;600;;;;;;;;;;;;;;;;;;;;;6;;;2700;;;;536;;;;;;1000;;;;;15;;;;;;;;;;;;;;;;;;;;;;0;;134;;278;1070;;90;;;;0;200;0;3;0;0;;8;11;10;;;;;;;;23;5;;17;51;;68;;22;;51;21;;307;17;59;35;138366;24;113;225;40;23;
NAM;NAMIBIA;;;;;;;;;;;;;;;;;;;;;;;;;;;;;;;;;;;;;;;;;;;;;;;;;;;;;;;;;;;;;;;;;;;;;;;;;;;;;;;;;;;0;;;;;;100;;;0;;;;0;;;0;;14;134;0;2;0;;15;14;51;92;8;108;0;17;
NPL;NEPAL;;;;;;;;;;;;;;;;;;;;;;;;;;;;;;;;;;;9040;;;;;;;;;;;;;;;;;;;;60;;;;;;;;;1150;0;;80;17;276;;371;;105;;;125;150;;130;0;100;750;92;207;200;46;23;188;912;49;180;1391;696;1076;;446;926;104;495;352;463;170;564;287;185;51;157;214;115;459;223;182;86;244;16
NLD;NETHERLANDS;;;;;;;;;;;;;;;;;;;;;;;;;;;;;;;;;;;;;;;;;;;;;;;;;;;;;;2000;;;;;;;;;;;;;;;;;;;0;;;;0;;;;;;;;0;0;0;;;;20;;0;1;0;1;;2;0;13;;;4;965;;0;1000;7;0;;0;;1;2;
NLD;NETHERLANDS ANTILLES;;;;;;;;;;;;;;;;;;;;;;;;;;;;;;;;;;;;;;;;;;;;;;;;;;;;;;;0;;;;;;0;;;;;;;;;;;;;;;;;;;;;;;;;;;;;11;;;;;;2;;;;;;;;;;;;;;;;;;;
NCL;NEW CALEDONIA;;;;;;;;;;;;;;;;;;;;;;;;;;;;;;;;;;;;;;;;3;;;;;;;;;2;;;2;;;;1;;;;1;;;;;;;;;0;0;;;3;;;0;0;;;;;4;;;;;;;;2;;;;;;;;;;0;;;;2;;;;;;;;;;;
NZL;NEW ZEALAND;;;;;;;;;;;;;;;;;;;6700;;;;;;;;;;;17;;256;;;;;;;21;;;;;;;;;;;;;;;150;;;;;;;;;;;;;;;53;;;;;;;;0;0;0;0;0;0;;0;0;4;1;1;7;0;;0;0;;0;0;1;3;0;0;0;0;0;2;4;0;0;0;;;0;182;3;0;
NIC;NICARAGUA;;;;;;;1000;;;;;;;;;;;;;;;;;;;;;;;;;1000;;;;;;;;;;;;;;;;;;;;500;;;;;;;;;325;;;;;;;53;0;0;;35;10000;;;;16;;;0;0;;71;;;;;;130;;4;2;180;37;0;56;44;0;3339;11;9;16;2;;29;7;;198;30;8;87;17;9;30;1
NER;NIGER;;;;0;;;0;;;;85000;;;0;;;;;;;;;;100000;;;;;;;0;;;;;;;;;;0;;;;;;;;;;;;;;;;;;;;;;;;;;0;;;2;319;;;;0;;;;;;0;;;;0;;0;0;20;186;0;2842;;;60;3022;882;262;0;63;192;577;320;202;154;44;66;7;180;172;108;64;188;32;
NGA;NIGERIA;;;;;;;;;;;;;;;;;;;;;;;;;;;;;;;;;;;;;;;;;;;;;;;;;;;;;;;;;;;;;;;;;;;;;;2000;;;;;;;;;100;;;;;0;;0;1073;530;130;29;60;7689;118;;30;;5539;;54;705;135;744;315;16;266;779;40;291;178;1732;549;879;388;19;
NIU;NIUE;;;;;;;;;;;;;;;;;;;;;;;;;;;;;;;;;;;;;;;;;;;;;;;;;;;;;;;;;;;;0;0;;;;;;;;0;;;;;;;;;;;;;;;;;;;;;;0;;;;;;;;;1;;;;;1;;;;;;;;;;
MNP;NORTHERN MARIANA IS;;;;;;;;;;;;;;;;;;;;;;;;;;;;;;;;;;;;;;;;;;;;;;;;;;;;;;;;;;;;;;;;;;;;;;;;;;;;;;;;;;;;;;;;;;;;;;;;;;;;;;;0;;3;;;;;;;;;;
NOR;NORWAY;;;;;;;;;;;;;;;;;;;;;;;;;;;;;;;;;;;;;73;;;;;;;;;;;;;;;;;;;;;;;;;;;;;;;;;;;;;;;;;;;;;;;;;;;;;;0;;0;0;;1;;;;;0;0;;;;0;;;0;;;4;;;
OMN;OMAN;;;;;;;;;;;;;;;;;;;;;;;;;;;;;;;;;;;;;;;;;;;;;;;;;;;;;;;;;;;;;;;;;;;;;;;;;;;;;;107;;;;26;;;;;;;;;;;;;;;;;;;;;7;30;;;;76;;;16;14;;;
PAK;PAKISTAN;;;;;;;;;;;;;;;;;;;;;;;;;;;0;;;;;;;;;60000;;;;0;;;;;0;4000;;;;;2900;;;111;346;;270;75;;148;;;;;450;10000;;32;37;;;;;474;4700;14;338;848;393;83;93;394;68;158;43;5;11;;282;20;40;872;1541;682;352;1063;187;362;1109;446;133;257;213;529;31;74204;513;911;249;102;2186;511;671;730;
PLW;PALAU;;;;;;;;;;;;;;;;;;;;;;;;;;;;;;;;;;;;;;;;;;;;;;;;;;;;;;;;;;;;;;;;;;;;;;;;;;;;;;;;;;;;;;;;;;;;;;;;;;;;;;;;;;;;;;;;;;0;
PSE;PALESTINE (WEST BANK);;;;;;;;;;;;;;;;;;;;;;;;;;;;;;;;;;;;;;;;;;;;;;;;;;;;;;;;;;;;;;;;;;;;;;;;;;;;;;;;;;;;0;;;;;;;;;;;;;;;;;;;;;;;;;0;;0;;0;6;
PAN;PANAMA;;;;;;;;;;;;;;;;;;;;;;;;;;;;;;;;;;;;;;;;;;;;;;;;;;;;;;;;;;;;;;;;;1;;20;;;;48;;0;7;;;;;19;;;;;0;1;;2;;30;;;85;69;;;2;;;3;1;1;0;5;2;16;3;11;2;28;0;15;0;6;0;
PNG;PAPUA NEW GUINEA;;;;;;;;;;;;;;;;;;;;;;;;;;;;;;;11;;;;;;;506;;;;;;;;;;;;;;3000;;;;;;0;;;0;;;;;;;;;;15;100;0;;;;;;;13;0;;;66;;0;0;1;76;;0;200;0;68;5;;42;92;2296;2;2;0;183;13;0;2;16;172;10;211;;0;65;0;
PRY;PARAGUAY;;;;;;;;;;;;;;;;;;;;;;;;;;;;;;;;;;;;;;;;;;;;;;;;;;;;;;;;;;;;;;;;0;;6;0;;;;;0;;;;;;;;0;;;0;76;;;;;0;;0;;0;;;0;;33;55;12;8;;0;;0;0;17;8;12;8;12;44;5;0;
PER;PERU;;;;;;;;;;;;;;150;;;;;;;;;;;;;;;;;;;;;;;;;;;249;5000;;200;;;1400;233;;;213;;;7;;;;;28;;57;;2101;;;60;120;25;11;150;66826;850;12;500;388;;;47;2;13;77;158;535;623;7;150;118;268;348;38;294;9815;690;86;85;20;21;819;61;115;33;186;82;361;101;5;0;677;40;577;510;109;299;69;0
PHL;PHILIPPINES;;;;;;240;;;;;;1335;0;;;;;;100;;;;;;;;;;;;;0;147;;85;;517;231;305;;73;;;;;;260;;27;1000;84;1312;1014;;13;544;129;89;;29;703;;197;1;636;392;18;307;353;11;3816;246;1088;363;297;39;6405;204;709;62;264;1552;596;158;2679;567;179;1094;842;521;3351;6793;250;671;418;1725;113;67;806;380;748;630;320;352;1950;39;2984;129;959;1307;1113;1989;2415;8382;85
POL;POLAND;;;;;;;;;;;;;;;;;;;;;;;;;;;;;82;;;;;;;;;;;;;;;;;;;;;;;;;;;;;;;;;;;;;;;;;;;;;;;;;0;;;0;;0;0;;;;0;;;0;;35;;1;;;105;73;157;84;297;192;;0;193;0;19;84;307;219;26;198;29;17
PRT;PORTUGAL;;;;;;;;;;;;;;;;;;;;;;;;;;;;;;;;;;;;;;;;;;;;;;;;;;;;;;;;;;;;;;;;;;;;462;;;;;;11;;;;;;23;;30;;19;;14;15;;;0;;0;;;;;10;29;;;4;6;1;2710;2;15;41;;2;0;46;;;10;0
PRI;PUERTO RICO;;;;;;;;;;;;;;;;;;;116;;;;;;;;;;300;;;;225;;;;;;;;;;;;;;;;;;;;;;;;;;;;0;;;;;;;;;;60;;;;;26;;;;3;;26;;;;600;;;;0;;;18;;0;1;18;;0;1;;2;;2;2;;;1;;;;1;0;;
REU;REUNION;;;;;;;;;;;;;;;;;;;;;;;;;;;;;;;;;;;;;;;;;;;;;;;;;165;;;;;;;;;;;;;;;;;;;;;;;;;;;;;0;;;25;;;;0;;;10;;10;;;;14;;;;;;;2;;0;;;0;;2;;;;;;;
ROU;ROMANIA;;;;;;;;;0;;;;0;0;;;0;;;;;;;;;;1000;;6;;;;;;0;;;;;;980;;;;;0;;;;;;;;;;;;;;;;;;;;;;;;;215;;;;;60;;1641;;;;;;0;0;;;;;;9;108;;3;2;2;16;32;111;34;29;17;19;3;49;95;145;80;5;65;78;;86;9;13
RUS;RUSSIA;;;;;;;;;;;;;;;;;;;47;;;;;;;;;;;;;;;;;;;;;;;;;;;;;;;;;;;;;;;;;;;;;;;;;;;;;;;;;;;;;;;;;;;;;;;;;;31;478;111;2379;23;38;94;208;284;798;631;3;36;31;116;2;13;;55844;1;415;4;
RWA;RWANDA;;;;;;;;;;;;;;;;;;;;;;;;;;;;;;;;;;;;;;;;;;;;;;;;;;;;;;;;;;;;;;;;;;;;;;;;;;;0;;0;;17;;;;;;0;;;;48;237;;32;;;;;10;;55;76;10;12;197;0;4;;59;30;36;;21;14;5;;
WSM;SAMOA;;;;;;;;;;;;;;;;;;;;;;;;;;;;;;;;;;;;;;;;;;;;;;;;;;;;;;;;;;;;;;;;;250;;10;;0;;;;;;;;;;;;;;;0;;;;;;0;8;13;;;;;;;;;;0;;;1;9;;;;143;;;12;;
STP;SAO TOME ET PRINCIPE;;;;;;;;;;;;;;;;;;;;;;;;;;;;;;;;;;;;;;;;;;;;;;;;;;;;;;;;;;;;;;;;;;;;;;;;;;;;;;;;;;;;0;;;150;;;31;;;;;;;;;;;;;;;;;;;;;;;;;
SAU;SAUDI ARABIA;;;;;;;;;;;;;;;;;;;;;;;;;;;;;;;;;;;;;;;;;;;;;;;;;;;;;;;;;;;;;;;;;20;;;;;;;;;;;;;;;;;;0;;;32;;;;;;;;;;;;;;;133;35;19;12;5;63;;;;161;24;11;19;39;
SEN;SENEGAL;;;;;;;;;;;0;;;;;;;;;;;;;;;;;;;;;;;;;;;;;;0;;;;;;;;;;;;;;;;;;;;;;;;;60;0;;;0;;;;;;;;0;5;0;;;0;0;0;300;0;0;0;;;;;0;0;188;;;372;187;0;;46;8;8;303;;24;1;6;2;0;19;8;
SRB;SERBIA;;;;;;;;;;;;;;;;;;;;;;;;;;;;;;;;;;;;;;;;;;;;;;;;;;;;;;;;;;;;;;;;;;;;;;;;;;;;;;;;;;;;;;;;;;;;;;;;;;;;;;;;;;;;0;;0;9;;25;0;0
SRB;SERBIA MONTENEGRO;;;;;;;;;;;;;;;;;;;;;;;;;;;;;;;;;;;;;;;;;;;;;;;;;;;;;;;;;;;;;;;;;;;;;;;;;;;;;;;;;;;;;;;;;;;;;1;;;;;;;11;3;0;1;;;2;3;;;;;;;;
SYC;SEYCHELLES;;;;;;;;;;;;;;;;;;;;;;;;;;;;;;;;;;;;;;;;;;;;;;;;;;;;;;;;;;;;;;;;;;;;;;;;;;;;;;;;;;;;;;;;;;;;;;;;;;5;;;;;0;;3;;0;;;;;;;0;0
SLE;SIERRA LEONE;;;;;;;;;;;;;;;;;;;;;;;;;;;;;;;;;;;;;;;;;;;;;;;;;;;;;;;;;;;;;;;;;;;;;;;;;;;;1;;;;;;;;;60;352;;;;;;;;;;;238;51;55;146;38;12;;10;66;20;;0;170;103;16;21;300;0;1
SGP;SINGAPORE;;;;;;;;;;;;;;;;;;;;;;;;;;;;;;;;;;;;;;;;;;;;;;;;;;;;;;;;;;;;;;;;;;;;;;;;;;;;;;;;;;;;;;;;;;;;;;;;;;;;1;2;;;33;;;;;;;;;;;
SVK;SLOVAKIA;;;;;;;;;;;;;;;;;;;;;;;;;;;;;;;;;;;;;;;;;;;;;;;;;;;;;;;;;;;;;;;;;;;;;;;;;;;;;;;;;;;;;;;;;;;;;;;;;;0;54;2;6;1;0;0;3;1;1;1;;;126;;5;1;
SVN;SLOVENIA;;;;;;;;;;;;;;;;;;;;;;;;;;;;;;;;;;;;;;;;;;;;;;;;;;;;;;;;;;;;;;;;;;;;;;;;;;;;;;;;;;;;;;;;;;;;;;;;;;;0;;;;;289;1;0;;6;;;;;0;;1
SLB;SOLOMON IS;;;;;;;;;;;;;;;;;;;;;;;;;;;;;;;;50;;;;;;;;12;;;;;;;;;;;;;;;;;200;;;;;;;;;;3;12;1;;;0;;;;200;;34;;2;;;0;;;0;101;;1;;;;0;4;;;;0;0;;;;0;0;;;;52;0;21;2;0;0;13;22
SOM;SOMALIA;;;;;;;;;;;;;;;;;;;;;;;;;;;;;;;;;;;;;;;;;;;;;;;;;;;;;;;;;;;;;;200;;;50;0;;;;0;;;;;19000;;;0;;;0;5;;0;;1262;1307;600;0;34;;;;;230;20;250;2811;481;15;709;33;93;1;298;27;246;1158;13;0;11;0;31;169;
ZAF;SOUTH AFRICA;;;;;;;;;;;;;;;;;;;;;0;;;;;;;;;;;;;;;;;;;;;;;;;;;;;;;;35;;;;;;;51;;;;;0;;;;0;9;;;;;26;;;4;26;;0;104;17;10;64;;0;515;33;;12;5;;19;2;207;98;15;43;57;275;50;126;2;5;2;12;48;115;33;40;46;13;3;32
SSD;SOUTH SUDAN;;;;;;;;;;;;;;;;;;;;;;;;;;;;;;;;;;;;;;;;;;;;;;;;;;;;;;;;;;;;;;;;;;;;;;;;;;;;;;;;;;;;;;;;;;;;;;;;;;;;;;;;;;;;;;;;;47;99;
ESP;SPAIN;;;;;;;;;;;;;;;;;;;;;;;;;;;;;;;;;;;;;;;;;;;;;;;;;;;;;;50;;;11;77;;;;;445;;;;;;;;;400;0;519;;;;;2;20;0;0;77;45;26;40;;5;;45;9;0;;;42;30;85;26;0;6;38;12;6;15095;29;20;25;6;;20;5;11;14;0;3
LKA;SRI LANKA;;;;;;;;;;;;;;;;;;;;;;;;;;;;;;;;;;;;;;;;;;;;;;;;;;;;;;;;;;200;;;;;;;206;;23;26;;62;;;;;27;;;27;750;0;0;7;54;3;51;0;43;53;0;325;33;27;15;73;0;3;0;46;3;7;12;0;2;235;35493;6;25;33;57;349;35;254;53;117;
SHN;ST HELENA;;;;;;;;;;;;;;;;;;;;;;;;;;;;;;;;;;;;;;;;;;;;;;;;;;;;;;;;;;;;;;;;;;;;;;;;;;;;;;;;;;;;;;;;;;;;;;;;;;;;;;0;;;;;;;;;;;;;
KNA;ST KITTS AND NEVIS;;;;;;;;;;;;;;;;;;;;;;;;;;;;;0;;;;;;;;;;;;;;;;;;;;;;;;;;;0;;;;;;;;;;;;;;;;;;;;;;;;;;;;;0;;;0;;1;0;;;;;0;;;5;0;;;;;;;;;;;;;;;
LCA;ST LUCIA;;;;;;;;;;;;;;;;;;;;;;;;;;;;;;;;;;;;;;;;;;;;;;;;;;;;;;;;;;;;;0;;;10;;;;0;;;;;;;;;;;;;27;;;0;;;0;0;45;;;;;;4;;0;;;0;;;;;0;;;1;;;10;;;6;
VCT;ST VINCENT AND THE GRENADINES;;;1565;;;;;;;;;;;;;;;;;;;;;;;;;;;;;;;;;;;;;;;;;;;;;;;;;;;;;122;;;;;;;;;;;;2;;;;0;;;;;;0;;2;0;;;;;;0;0;;;;;3;;;;;;;0;;;4;;0;0;;;;;0;0;;13;
SDN;SUDAN;;;;;;;;;;;;;;;;;;;;;;;;;;;;;;;;;;;;;;;;;1500;;;;;;;;;;0;;;;;;;;;;;;;;;0;0;;;;;;;;;0;150;;34;;0;;;150000;;;0;60;2866;;0;12;;24;8;;852;8;3269;395;186;3;82;47;98;655;1169;734;32;20;36;20;206;76;
SUR;SURINAME;;;;;;;;;;;;;;;;;;;;;;;;;;;;;;;;;;;;;;;;;;;;;;;;;;;;;;;;;;;;;;;;;;;;;;0;;;;;;;;;;;;;;;;;;;;;;;;;;;;;;;;;;;;;3;;2;;;;;;
SWZ;SWAZILAND;;;;;;;;;;;;;;;;;;;;;;;;;;;;;;;;;;;;;;;;;;;;;;;;;;;;;;;;;;;;;;;;;;;;;;;;;;;;;;;;;;;;500;53;;;;;;0;;30;;;;80;;;;32;0;;;;0;1;2;0;;;;;;
SWE;SWEDEN;;;;;;;;;;;;;;;;;;;;;;;;;;;;;;;;;;;;;;;;;;;;;;;;;;;;;;;;;;;;;;;;;;;;;;;;;;;;;0;13;;;;;;;;11;;;;;0;;;;;;;;;3;;;1;0;;7;;;;;;;;7;
CHE;SWITZERLAND;;;;;;;;;;;;;;;;;;;;;;;;;;;;;;;;;;;;;;;;;;;;;;;;;;;;92;;;;;;;;;;;;;;90;;;20;;30;;;;;13;0;0;;;;;0;0;0;0;0;1;0;;5;;;2;0;;;0;0;45;16;0;5;1039;;6;1;1;;0;0;0;11;0;
SYR;SYRIAN ARAB REP;;;;;;;;;;;;;;;;;;;;;;;;;;;;;;;;;;;;;;;;;;;;;;;;;;;;;;;;;;;;;;;;;;;;0;;;;;;;0;;;88;;;;;;;;;;;;;;;;;;;;;;0;;27;80;;5;;6;;0;;;;;;
CHN;TAIWAN (CHINA);;;;;;;7300;;;;;1000;;;;;;;;;;;;;1000;;;;;;;;;;;6110;;;;;;;;;;;;;;;;100;;67;;;;;31;1046;199;106;107;;107;55;36;69;;269;;;;;;;;106;;;;26;;82;31;;92;61;;13;5;33;8;;45;;65;54;70;2265;103;195;12;40;79;33;8;18;54;630;34;;20;10;
TJK;TAJIKISTAN;;;;;;;;;;;;;;;;;;;;;;;;;;;;;;;;;;;;;;;;;;;;;;;;;;;;;;;;;;;;;;;;;;;;;;;;;;;;;;;;;;;;;;;;;;;0;;1601;5;0;0;0;208;62;30;0;1;35;7;0;24;25;49;0;21;96;0;3;0;15
TZA;TANZANIA UNI REP;;0;;;;;;;0;;0;;;0;;;;;;;;;;;;;;;;;;;;;;;;;;;;;;;;;;;;;;;;;;;;;;;;;;;4;;;0;40;;;;;;25;;;500;0;0;12;;0;163;0;10;0;90;0;10;389;574;;54;35;3;0;2412;2522;56;74;43;20;0;10;9;70;119;73;50;;37;10;;29
THA;THAILAND;;;;;;;;;;;;;;;;;;;;;;;;;;;;;;;;;;;;;;;;;;;;;;;;;;;;;;;;500;;;;;;;769;;;;6;;;;;;;;;239;;100;146;;57;55;;50;17;18;42;24;664;458;36;55;6;45;130;258;100;212;;22;198;222;190;18;8389;86;280;53;39;15;260;923;0;84;63
TLS;TIMOR-LESTE;;;;;;;;;;;;;;;;;;;;;;;;;;;;;;;;;;;;;;;;;;;;;;;;;;;;;;;;;;;;;;;;;;;;;;;;;;;;;;;;;;;;;;;;;;;;;;;;;;;;;;1;;3;;22;0;1;;;;;;;2
TGO;TOGO;;;;;;;;;;;;;;;;;;;;;;;;;;;;;;;;;;;;;;;;;;;;;;;;;;;;;;;;;;;;;;;;;;;0;;;;;0;;;;;;;;;;;;0;;;;;50;0;;;;;0;3;360;;239;0;;235;95;40;;;0;41;12;0;82;;;7;
TKL;TOKELAU;;;;;;;;;;;;;;;0;;;;;;;;;;;0;;;;;;;;;;;;;;;;;;;;;;;;;;;;;;;;;;;;;;;;;0;;;;;;;;;;;;;;;;;;;;;0;;;0;;;;;;;;;;;;;;;0;;;;;;;;;
TON;TONGA;;;;;;;;;;;;;;;;;;;;;;;;;;;;;;;;;;;;;;;;;;;;;;;0;;;;;;;;;;;;;;;2;;;;;;;;;;;;3;;;;1;;;;;7;;;;;;;;1;;;;;;;0;0;;;0;;;0;;;;;9;;0;;;1
TTO;TRINIDAD AND TOBAGO;;;;;;;;;;;;;;;;;;;;;;;;;;;;;;;;;;13;;;;;;;;;;;;;;;;;;;;;;;;;;;;;;24;;;;;;;;;;;2;;;;;;;;;;;;;;;;0;;;5;;;0;0;;;;;;;3;0;;;;;0;;;;
TUN;TUNISIA;;;;;;;;;;;;;;;;;;;;;;;;;;;;;;;;;;;;;;;;;;;;;;;;;;;;;;;;;;13;;;;;40;;49;;;;;540;;;;111;;;;0;;0;;;117;;;;23;;0;;37;;;;;;;;;;;;;12;;;;16;;17;;;;;
TUR;TURKEY;;;;6000;;;;;;;;;923;;;;;;;;;;;;;;;;50;;;;;;;;;;149;33065;37;;7000;2824;3986;;839;;592;437;;54;80;1200;;;138;175;;;;;97;;42;461;2408;183;274;41;1086;935;30;;33;2385;3913;30;0;;115;10;;1346;6;13;15;41;77;;69;43;914;135;30;231;0;;239;17982;16;50;90;186;85;41;83;19;2;62;64;655;13;7;
TKM;TURKMENISTAN;;;;;;;;;;;;;;;;;;;;;;;;;;;;;;;;;;;;;;;;;;;;;;;;;;;;;;;;;;;;;;;;;;;;;;;;;;;;;;;;;;;;;;;;;;;;;;0;;;;;;;11;;;;;;;;;;;;;;
TCA;TURKS AND CAICOS IS;;;;;;;;;;;;;;;;;;;;;;;;;;;;;;;;;;;;;;;;;;;;;;;;;;;;;;;;;;;;;;;;;;;;;;;;;;;;;;;;;;;;;;0;;;;;0;;;;;;;;;;;;;;0;;;;4;;;;;;
TUV;TUVALU;;;;;;;;;;;;;;;;;;;;;;;;;;;;;;;;;;;;;;;;;;;;;;;;;;;;;;;;;;;;;;;;;;;;;;;;;6;;;;;;;;;;;;0;;;0;;;0;;;0;;;;;;;;;;;;;;;;;;0;;;
UGA;UGANDA;;200000;;;;;;;;;;;;;;;;;;;;;;;;;;;;;;;;;;2000;;;;;;;;;;;;;;;;;;;;;;;;;;;;;;;104;0;;;;;;;;;;;;0;;;3;;;;27;0;0;156;197;100;50;;7;;20;120;30;252;259;26;96;60;3;21;206;165;77;17;436;50;174;41;
UKR;UKRAINE;;;;;;;;;;;;;;;;;;;;;;;;;;;;;;;;;;;;;;;;;;;;;;;;;;;;;;;;;;;;;;;;;;;;;;;;;;;;;;;;;;;;;;;;;;;;;0;9;71;204;0;11;18;;10;9;;0;;0;803;0;38;32;6;;195;2;
GBR;UNITED KINGDOM;;;;;;;;;;;;;;;;;;;;;;;;;;;;;;;;;;;;;;;;;;;;;;;;;;;;;4034;;;;;;;;;;;;;;140;;20;;;;0;;;;0;6;;;;12;;5;48;34;0;20;;13;83;48;;4;7;9;5;15;40;11;16;11;15;301;0;11;;27;8;8;0;;8;772;5
USA;UNITED STATES;6000;;;348;;;2298;;;463;30;;;732;;531;;;1150;500;224;;;;;752;268;333;1836;;;;372;156;;408;1848;137;800;;59;;;0;511;196;198;308;97;95;305;110;295;468;223;546;243;469;139;99;111;146;158;379;423;577;552;275;159;830;37;223;903;128;352;102;139;231;242;186;1398;60;514;332;1145;375;62;239;27;259;214;132;96;542;275;879;360;252;366;485;162;153;443;210;219;1973;326;333;303;145;138;809;318;212;169
URY;URUGUAY;;;;;;;;;;;;;;;;;;;;;;;;;;;;;;;;;;;;;;;;;;;;;;;;;;;;;;;;;;;;;;;;;;;;8;;;;;;;;;;;;;;;;;;;0;;;;;0;0;0;;;;1;1;1;7;0;2;0;0;7;;2;;12;4;;;;
UZB;UZBEKISTAN;;;;;;;;;;;;;;;;;;;;;;;;;;;;;;;;;;;;;;;;;;;;;;;;;;;;;;;;;;;;;;;;;;;;;;;;;;;;;;;;;;;;;;;;;;;;;10;;;;;;40;24;0;;;;;0;;;;;;13;;;
VUT;VANUATU;;;;;;;;;;;;;;;;;;;;;;;;;;;;;;;;;;;;;;;;;0;;;;;;;;;;;100;;;;;;;;0;;;;;;;;;;;;;4;;;0;;0;;0;;0;;;;9;;48;1;;0;;2;4;0;;;100;0;44;;2;0;;2;0;0;;0;0;;0;;;12
VEN;VENEZUELA;;;;;;;;;;;;;;;;;;;;;;;;;;;;;;;;;;;;;;;;;;;;;;;;;;;100;;;;;;;;;;;;30;;;;;240;;;;1;;;;;;;;;0;35;;;;38;3;136;77;37;74;18;32;100;44;0;0;83;;30005;15;;4;1;40;97;0;;8;0;49;17;0;;
VNM;VIET NAM;;;;;;;;;;;;;;;;;;;;;;;;;;;;;;;;;;;;;;;;;;;;;;;;;;;;;;1000;;;56;;;;;;;;7998;;31;;;;237;112;;100;;;;0;74;;402;;70;734;188;891;600;123;157;959;384;492;287;270;361;269;1056;3692;647;799;592;392;147;148;231;324;579;353;411;356;221;138;72;200;
VGB;VIRGIN IS (UK);;;;;;;;;;;;;;;;;;;;;;;;;;;;;;;;;;;;;;;;;;;;;;;;;;;;;;;;;;;;;;;;;;;;;;;;;;;;;;;;;;;;;;;;;;;;;;;;0;0;;;;;;;;;;;;;;;;;;
VIR;VIRGIN IS (US);;;;;;;;;;;;;;;;;;;;;;;;;;;;;;;;;;;;;;;;;;;;;;;;;;;;;;;;;;;;;;;;;;;;;;;;;;;;;;;;;;;;;;;;;;0;;;;;;7;;;0;3;;;;;0;;;;;;;;;;
WLF;WALLIS AND FUTUNA IS;;;;;;;;;;;;;;;;;;;;;;;;;;;;;;;;;;;;;;;;;;;;;;;;;;;;;;;;;;;;;;;;;;0;0;;;;;;;;;;;;;;;;;;;;1;;;;;;;;;;;;;;;;;;;;;;;;;;0;;
YEM;YEMEN;;;;;;;;;;;;;;;;;;;;;;;;;;;;;;;;;;;;;;;;;;;;;;;;;;;;;;;;;;;;;;;;;;;;;;;;;;;;;;;;;;;;;;;;;;;;10;;31;;;345;;70;0;32;63;53;15;;87;30;99;90;11;22;;;40;
ZMB;ZAMBIA;;;;;;;;;;;;;;;;;;;;;;;;;;;;;;;;;;;;;;;;;;;;;;;;;;;;;;;;;;;;;;;;;;;;;;;;;;;;;;;11;0;;;51;0;;;0;;;0;85;0;0;;;0;;;0;462;163;16;;183;2;21;5;19;177;118;9;0;2;0;
ZWE;ZIMBABWE;;;;;;;;;;;;;;;;;;;;;;;;;;;;;;;;;;;;;;;;;;;;;;;;;;;;;;;;;;;;;;;;;;;;;;;;;;;;11;;;;;;;0;;;;;;;;;0;258;;;;1311;;58;52;182;13;4;50;;87;;94;4276;55;8;45;;125;3
